id,email,password,name,role_slug,role_label,title,department,specialization,badge,badge_color,avatar_initials,summary
71193190-25ec-4d30-8fca-5e6b12009495,dullasaicharan2612@gmail.com,sai__26,Sarah Jenkins,admin,Admin,Chief Information & Systems Administrator,Hospital IT & Security Governance,,Super Admin Access,bg-red-100 text-red-800 border-red-200,SJ,Full administrative control over user access and clinical subsystem configurations.
2a2a99bb-689f-4320-bba5-90f28573cf57,nikhil9india@gmail.com,doctor0102,Dr. Alexander Wright MD,doctor,Doctor,Attending Physician & Cardiologist,Cardiology & Internal Medicine,Cardiology,Clinical Provider · Cardiology,bg-blue-100 text-blue-800 border-blue-200,AW,Authorized prescriber and primary diagnostic lead for inpatient admissions and clinical treatment plans.
f8d874ca-61eb-44d8-923a-e35bcc387c08,satish@gmail.com,doctor0102,Dr. Anita Sharma MD,doctor,Doctor,Senior Physician & Diabetologist,Internal Medicine & Endocrinology,Internal Medicine,Clinical Provider · Internal Medicine,bg-blue-100 text-blue-800 border-blue-200,AS,Specialist in diabetes management and internal medicine consultations.
9cf96f44-89bf-4d02-8ecb-44961be6a1b9,niharika@gmail.com,nurse0102,Elena Rostova RN,nurse,Nurse,Charge Nurse & Clinical Care Specialist,Inpatient Medical/Surgical Ward 4B,,Vitals & Medication Lead,bg-teal-100 text-teal-800 border-teal-200,ER,Bedside care coordination medication administration schedules telemetry monitoring and patient triage.
56aa794b-80d2-4db0-b171-9a9f0d36a62d,himabindu@gmail.com,nurse0102,Priya Menon RN,nurse,Nurse,Staff Nurse - ICU & Emergency,Intensive Care Unit & Emergency,,ICU Specialist Nurse,bg-teal-100 text-teal-800 border-teal-200,PM,Intensive care monitoring critical patient support and emergency response coordination.
47e3dc5a-3b9b-47e5-ad0b-d69c5e812b00,pavan@gmail.com,billing0102,Patricia Hayes CPC,billing,Billing Staff,Senior Revenue Cycle & Insurance Specialist,Patient Financial Services & Claims,,Revenue & Claims,bg-emerald-100 text-emerald-800 border-emerald-200,PH,Insurance claim adjudication ICD-10 coding co-pay reconciliation and patient payment plans.
f9937d79-3f51-4314-bd99-39a0e274ee44,sreeshant@gmail.com,billing0102,Ravi Kumar CPC,billing,Billing Staff,Billing & Claims Coordinator,Revenue Cycle Management,,Claims Processing,bg-emerald-100 text-emerald-800 border-emerald-200,RK,Processing insurance claims verifying patient eligibility and managing outstanding billing queues.
5cd4b50e-6000-43bb-b16c-948744d2d1bb,ram@gmail.com,medicine0102,Marcus Vance MLS,medical-staff,Medicine Staff,Chief Medicine & Laboratory Technologist,Central Medicine & Pathology Diagnostics,,Medicine & Diagnostics,bg-indigo-100 text-indigo-800 border-indigo-200,MV,Specimen processing automated analyzer quality control pharmacy dispensing and diagnostic verification.
151a3160-8a35-4015-a20b-49a43b84e320,vivek@gmail.com,medicine0102,Divya Nair MLS,medical-staff,Medicine Staff,Pharmacy Technician & Dispense Lead,Hospital Pharmacy & Medicine Store,,Pharmacy Dispense Lead,bg-indigo-100 text-indigo-800 border-indigo-200,DN,Medicine dispensing inventory management prescription verification and pharmacy stock coordination.
6c292f61-016a-4e4e-815c-853d5fcc4bf3,nancy@gmail.com,desk0102,David Chen,receptionist,Receptionist,Lead Patient Intake & Front Desk Coordinator,Central Admissions & Patient Services,,Front Desk & Triage,bg-amber-100 text-amber-800 border-amber-200,DC,Patient check-in identity verification appointment scheduling and room allocation.
e0bb3a70-795b-4be9-b63d-848b1ca4fd33,varsha@gmail.com,desk0102,Meera Pillai,receptionist,Receptionist,Patient Registration & Scheduling Coordinator,OPD Registration & Appointments,,Registration Specialist,bg-amber-100 text-amber-800 border-amber-200,MP,Handling patient registration walk-in appointments queue management and front-desk communications.
72b8ad97-1a7c-40ea-bf55-524d3e82c869,mikey@gmail.com,patient0102,Amara Okafor,patient,Patient / User,Registered CareLink Patient,Personal Health Portal,,Patient Portal,bg-purple-100 text-purple-800 border-purple-200,AO,Personal health portal access for medical records lab reports doctor messaging and appointment scheduling.
